{
    "MLP": {
        "accuracies": [
            41.69166666666666,
            70.58888888888889,
            81.48611111111111,
            84.22500000000001,
            84.81666666666666,
            84.61944444444445
        ],
        "accuracies_stds": [
            2.3974040744722815,
            0.21776785691688413,
            0.3031725255476055,
            0.11138854253201905,
            0.19685019685029612,
            0.03868996743662444
        ],
        "parameter_sizes": [
            1,
            2,
            4,
            8,
            16,
            32
        ],
        "emissions": [
            6.197171009756549e-05,
            0.0001274609535644896,
            0.00019394257035488147,
            0.00026175636473164265,
            0.0003293625689123715,
            0.0003976633001707828
        ],
        "energy_consumed": [
            0.0006301267956396214,
            0.0012960197824509864,
            0.0019720031963525587,
            0.0026615321585761035,
            0.003348950348887334,
            0.004043430473123833
        ]
    },
    "KAN": {
        "accuracies": [
            61.09166666666667,
            72.77222222222223,
            82.15833333333335,
            85.38611111111112,
            86.46944444444443,
            87.1111111111111
        ],
        "accuracies_stds": [
            0.9387738259539936,
            1.023549862482355,
            0.30648847479991914,
            0.037474271008972604,
            0.15310570866134074,
            0.10851124991458384
        ],
        "parameter_sizes": [
            1,
            2,
            4,
            8,
            16,
            32
        ],
        "emissions": [
            0.0005116571887995074,
            0.000643562716832407,
            0.0007738425620400866,
            0.0009054730652149938,
            0.0010244364361194549,
            0.0011482664812370504
        ],
        "energy_consumed": [
            0.005202517476710329,
            0.006543729581002226,
            0.007868411783056967,
            0.009206827441483241,
            0.010416444016344562,
            0.01167554481267591
        ]
    },
    "SNN": {
        "accuracies": [
            20.302777777777777,
            10.338888888888889,
            56.26111111111111,
            70.98333333333333,
            84.91666666666667,
            85.16666666666667
        ],
        "accuracies_stds": [
            0.25132365636149884,
            0.27082977205635844,
            0.7290700994256638,
            5.604194031325177,
            0.32174293856822733,
            0.513205250976279
        ],
        "parameter_sizes": [
            1,
            2,
            4,
            8,
            16,
            32
        ],
        "emissions": [
            0.0014812089106777514,
            0.001825424163477555,
            0.0022402166105386498,
            0.002661472708851043,
            0.003094501503188455,
            0.0034262959085414957
        ],
        "energy_consumed": [
            0.015060895093725865,
            0.018560867160263096,
            0.022778466369815856,
            0.02706178782335221,
            0.031464813755119114,
            0.03483849095600821
        ]
    }
}